tow_date,tow_reason,storage_company,notes,incident_date,street,city,geo_location,longitude,latitude,location
2021-02-20,NOP,Henrys,Henrys,02/22/0021,2352 Glenmont Cir,Silver Spring,POINT (-77.045818 39.058239),-77.045818,39.058239,"39.058239,-77.045818"
2021-02-06,NOP,Henrys,Henrys,06/23/0002,3740 Bel Pre Rd,Silver Spring,POINT (-77.074749 39.093468),-77.074749,39.093468,"39.093468,-77.074749"
2021-01-24,PKG,Speedy,Speedy Towing (),01/26/0021,13901 Carthage Cir,Burtonsville,POINT (-76.936297 39.084801),-76.936297,39.084801,"39.084801,-76.936297"
2021-02-10,REPO,Thomas Recovery,Thomas Recovery      Pd Auto Finance         Address Verified,10/23/0002,3509 Edwin St,Silver Spring,POINT (-77.070435 39.053067),-77.070435,39.053067,"39.053067,-77.070435"
2021-02-03,NOP,Auburn,,03/23/0002,18834 Poppyseed Ln,Germantown,POINT (-77.26894 39.164054),-77.26894,39.164054,"39.164054,-77.26894"
2021-01-07,NOP,Big Tow Towing,Big Tow,07/23/0001,7001 Clarendon Rd,Bethesda,POINT (-77.100817 38.980184),-77.100817,38.980184,"38.980184,-77.100817"
2021-02-11,PRV,Henrys,Henrys,11/23/0002,11255 New Hampshire Ave,Silver Spring,POINT (-76.99092 39.040601),-76.99092,39.040601,"39.040601,-76.99092"
2021-02-25,NOP,Speedy,Speedy Tow,02/27/0021,8115 Fenton St,Silver Spring,POINT (-77.024011 38.991211),-77.024011,38.991211,"38.991211,-77.024011"
2021-02-16,NOP,Henrys,Henrys        ********,02/18/0021,11215 Georgia Ave,Silver Spring,POINT (-77.050954 39.039125),-77.050954,39.039125,"39.039125,-77.050954"
2021-01-05,NOP,Henrys,Henrys  To  For,05/23/0001,9727 Mt Pisgah Rd,Silver Spring,POINT (-76.975441 39.017038),-76.975441,39.017038,"39.017038,-76.975441"
2021-01-16,NOP,Henrys,Henrys,01/18/0021,17101 Queen Victoria Ct,Gaithersburg,POINT (-77.205233 39.137509),-77.205233,39.137509,"39.137509,-77.205233"
2021-02-17,EXP,Drive,Drive   Exp,02/19/0021,11700 Old Columbia Pike,Silver Spring,POINT (-76.979535 39.049239),-76.979535,39.049239,"39.049239,-76.979535"
2021-02-18,NOP,Authorized,Authorized,02/20/0021,14120 Weeping Willow Dr,Silver Spring,POINT (-77.06692 39.088854),-77.06692,39.088854,"39.088854,-77.06692"
2021-01-24,PKG,Henrys,Reason For Tow    Tow Co  Henrys   Going To,01/26/0021,12030 Bronzegate Pl,Silver Spring,POINT (-76.974764 39.051488),-76.974764,39.051488,"39.051488,-76.974764"
2021-01-28,NOP,,Drive Towing,01/30/0021,8658 Piney Branch Rd,Silver Spring,POINT (-76.999533 38.998597),-76.999533,38.998597,"38.998597,-76.999533"
2021-02-04,PRV,Prestiege,Prvt Prop   Prestiege,04/23/0002,11550 Stewart Ln,Silver Spring,POINT (-76.984139 39.045308),-76.984139,39.045308,"39.045308,-76.984139"
2021-02-23,NOP,Prestige,Prestige *,02/25/0021,3004 Bel Pre Rd,Silver Spring,POINT (-77.062826 39.091315),-77.062826,39.091315,"39.091315,-77.062826"
2021-01-19,FIRE,Drive,Drive,01/21/0021,8619 Piney Branch Rd,Silver Spring,POINT (-76.99939 38.998615),-76.99939,38.998615,"38.998615,-76.99939"
2021-01-06,PRV,Prestige,Prop   Prestige,06/23/0001,4101 Postgate Ter,Silver Spring,POINT (-77.079155 39.087717),-77.079155,39.087717,"39.087717,-77.079155"
2021-02-13,NOP,Henrys,Henrys,02/15/0021,12909 Woodcutter Cir,Germantown,POINT (-77.266861 39.206544),-77.266861,39.206544,"39.206544,-77.266861"
2021-02-04,NOP,Auburn,Auburn,04/23/0002,1380 Piccard Dr,Rockville,POINT (-77.180112 39.106686),-77.180112,39.106686,"39.106686,-77.180112"
2021-01-26,72,Aau,And In Two Spaces   Henry,01/24/0021,7001 Arlington Rd,Bethesda,POINT (-77.098373 38.979891),-77.098373,38.979891,"38.979891,-77.098373"
2021-01-30,NOP,Prestige,Prestige Towing,02/01/0021,780 Quince Orchard Blvd,Gaithersburg,POINT (-77.228804 39.139742),-77.228804,39.139742,"39.139742,-77.228804"
2021-01-20,FIRE,Henrys,Henrys      Fire Lane,01/22/0021,9727 Mt Pisgah Rd,Silver Spring,POINT (-76.975441 39.017038),-76.975441,39.017038,"39.017038,-76.975441"
2021-02-24,PKG,Authorized,Authorized     Reserved Space,02/26/0021,20022 Frederick Rd,Germantown,POINT (-77.239307 39.184358),-77.239307,39.184358,"39.184358,-77.239307"
2021-02-04,PKG,Henrys,Henrys,04/23/0002,12007 Crimson Ln,Silver Spring,POINT (-76.973884 39.052138),-76.973884,39.052138,"39.052138,-76.973884"
2021-01-09,NOP,Big,Big Tow,09/23/0001,422 Girard St,Gaithersburg,POINT (-77.186553 39.148707),-77.186553,39.148707,"39.148707,-77.186553"
2021-01-10,NOP,Auburn,Auburn,10/23/0001,102 Duvall Ln,Gaithersburg,POINT (-77.202556 39.128982),-77.202556,39.128982,"39.128982,-77.202556"
2021-01-05,REPO,Final Notice,Santander,05/23/0001,14333 Georgia Ave,Silver Spring,POINT (-77.079724 39.09115),-77.079724,39.09115,"39.09115,-77.079724"
2021-01-11,NOP,Prestige,Prestige Towing,11/23/0001,13802 Castle Blvd,Silver Spring,POINT (-76.943268 39.082785),-76.943268,39.082785,"39.082785,-76.943268"
2021-02-18,PKG,Henrys,Henrys Towing       Called In For Porperty  For Being  Snow Removal Area,02/20/0021,18902 Mills Choice Rd,Montgomery Village,POINT (-77.208147 39.166857),-77.208147,39.166857,"39.166857,-77.208147"
2021-01-11,NOP,Speedy,Speedy,11/23/0001,18304 Streamside Dr,Gaithersburg,POINT (-77.168445 39.156799),-77.168445,39.156799,"39.156799,-77.168445"
2021-01-08,PKG,Henrys,Henrys        Spot,08/23/0001,198 Halpine Rd,Rockville,POINT (-77.125832 39.06084),-77.125832,39.06084,"39.06084,-77.125832"
2021-01-27,REPO,Final Notice,Chry Capital            Owner   Collen Touhey,01/29/0021,983 Clopper Rd,Gaithersburg,POINT (-77.227074 39.145327),-77.227074,39.145327,"39.145327,-77.227074"
2021-01-13,REPO,Final Notice,Capital One,01/15/0021,18633 Mustard Seed Ct,Germantown,POINT (-77.267759 39.161715),-77.267759,39.161715,"39.161715,-77.267759"
2021-01-08,NOP,Diversified,Diversified,08/23/0001,25222 Tralee Ct,Damascus,POINT (-77.215215 39.27063),-77.215215,39.27063,"39.27063,-77.215215"
2021-02-15,72,Auburn,Expired   Auburn,02/17/0021,1380 Piccard Dr,Rockville,POINT (-77.180112 39.106686),-77.180112,39.106686,"39.106686,-77.180112"
2021-01-10,NOP,Big,Big Tow,10/23/0001,10006 Stedwick Rd,Montgomery Village,POINT (-77.206008 39.16978),-77.206008,39.16978,"39.16978,-77.206008"
2021-02-07,NOP,Grace,Grace Towing          ******,07/23/0002,18155 Tunstall Dr,Montgomery Village,POINT (-77.195018 39.155206),-77.195018,39.155206,"39.155206,-77.195018"
2021-01-09,PKG,Henrys,Henrys,09/23/0001,19025 Red Robin Ter,Germantown,POINT (-77.268421 39.166671),-77.268421,39.166671,"39.166671,-77.268421"
2021-02-05,PKG,Other,A          Reserved Space,05/23/0002,12401 Village Square Ter,Rockville,POINT (-77.109646 39.06144),-77.109646,39.06144,"39.06144,-77.109646"
2021-01-29,EXP,Other,Expired Tags   A,01/31/0021,12401 Village Square Ter,Rockville,POINT (-77.109646 39.06144),-77.109646,39.06144,"39.06144,-77.109646"
2021-02-24,NOP,Big,Big Tow,02/26/0021,15955 Frederick Rd,Derwood,POINT (-77.169576 39.11769),-77.169576,39.11769,"39.11769,-77.169576"
2021-02-25,NOP,Henrys,Henrys,02/27/0021,14628 Tynewick Ter,Silver Spring,POINT (-77.078003 39.095991),-77.078003,39.095991,"39.095991,-77.078003"
2021-01-20,NOP,Henrys,Henrys,01/22/0021,2425 Blueridge Ave,Silver Spring,POINT (-77.050996 39.043056),-77.050996,39.043056,"39.043056,-77.050996"
2021-01-07,PKG,Henrys,Henrys,07/23/0001,9727 Mt Pisgah Rd,Silver Spring,POINT (-76.975441 39.017038),-76.975441,39.017038,"39.017038,-76.975441"
2021-02-28,NOP,Diversified,Changed Date On Permit  Diversified,03/02/0021,5401 Westbard Ave,Bethesda,POINT (-77.106682 38.963948),-77.106682,38.963948,"38.963948,-77.106682"
2021-01-27,PRV,Prestige,Prestige   Property,01/29/0021,17060 King James Way,Gaithersburg,POINT (-77.20637 39.13639),-77.20637,39.13639,"39.13639,-77.20637"
2021-01-06,PKG,Henrys,Henrys    Violation,06/23/0001,9727 Mt Pisgah Rd,Silver Spring,POINT (-76.975441 39.017038),-76.975441,39.017038,"39.017038,-76.975441"
2021-02-04,FIRE,Drive,Drive,04/23/0002,8658 Piney Branch Rd,Silver Spring,POINT (-76.999533 38.998597),-76.999533,38.998597,"38.998597,-76.999533"
2021-01-24,PKG,Henrys,Handicap   Henrys,01/26/0021,2112 Hildarose Dr,Silver Spring,POINT (-77.044758 39.020426),-77.044758,39.020426,"39.020426,-77.044758"
2021-02-25,PRV,Authorized,Authorized Towing       Reserved Space,02/27/0021,20008 Sweetgum Cir,Germantown,POINT (-77.275803 39.184231),-77.275803,39.184231,"39.184231,-77.275803"
2021-01-10,NOP,Authorized,Authorized,10/23/0001,9443 Hickory View Pl,Montgomery Village,POINT (-77.194283 39.181817),-77.194283,39.181817,"39.181817,-77.194283"
2021-01-12,EXP,Big Tow,Exp   Big Tow,12/23/0001,18035 Cottage Garden Dr,Germantown,POINT (-77.277011 39.152415),-77.277011,39.152415,"39.152415,-77.277011"
2021-02-26,NOP,Big Tow,,02/28/0021,18039 Cottage Garden Dr,Germantown,POINT (-77.276985 39.152317),-77.276985,39.152317,"39.152317,-77.276985"
2021-02-24,PRV,Henrys,Henrys,02/26/0021,5901 Montrose Rd,Rockville,POINT (-77.1192 39.052973),-77.1192,39.052973,"39.052973,-77.1192"
2021-01-28,REPO,Other,Reason  Capital One Auto Finance,01/30/0021,20712 Crystal Hill Cir,Germantown,POINT (-77.277481 39.198335),-77.277481,39.198335,"39.198335,-77.277481"
2021-01-16,FIRE,Henrys,Fire  Henrys,01/18/0021,12538 Coral Grove Pl,Germantown,POINT (-77.257919 39.164082),-77.257919,39.164082,"39.164082,-77.257919"
2021-02-09,REPO,Avis,New Ridge Rd  Avis Rental Car     Sast Guis Towing    Went To Bwi Airport Avis Rental Car,09/23/0002,7720 Blair Rd,Takoma Park,POINT (-77.025467 38.984199),-77.025467,38.984199,"38.984199,-77.025467"
2021-01-01,NOP,Henrys,Henrys,01/23/0001,2425 Blueridge Ave,Silver Spring,POINT (-77.050996 39.043056),-77.050996,39.043056,"39.043056,-77.050996"
2021-01-11,NOP,Authorized,Authorized Towing (),11/23/0001,5405 Tuckerman Ln,Rockville,POINT (-77.1081 39.029089),-77.1081,39.029089,"39.029089,-77.1081"
2021-01-27,PKG,Aubrun,Aubrun    No Moccercial Pk,01/29/0021,1332 Travis View Ct,Gaithersburg,POINT (-77.22052 39.165407),-77.22052,39.165407,"39.165407,-77.22052"
2021-01-05,NOP,Henrys,Henrys,05/23/0001,9707 Key West Ave,Rockville,POINT (-77.203237 39.104591),-77.203237,39.104591,"39.104591,-77.203237"
2021-01-29,NOP,Drive,Drive,01/31/0021,11700 Old Columbia Pike,Silver Spring,POINT (-76.979535 39.049239),-76.979535,39.049239,"39.049239,-76.979535"
2021-02-27,NOP,Henrys,In A   Henrys,03/01/0021,9132 Centerway Rd,Gaithersburg,POINT (-77.18861 39.169353),-77.18861,39.169353,"39.169353,-77.18861"
2021-01-11,NOP,Drive,Drive Towing,11/23/0001,1700 Hampshire Green Ln,Silver Spring,POINT (-76.976193 39.015061),-76.976193,39.015061,"39.015061,-76.976193"
2021-01-09,NOP,Big Tow,Altered Big Tow,09/23/0001,424 Girard St,Gaithersburg,POINT (-77.186318 39.14846),-77.186318,39.14846,"39.14846,-77.186318"
2021-02-18,REPO,Other,Financial Co  Exter Finance       Towing,02/20/0021,3732 Bel Pre Rd,Silver Spring,POINT (-77.074623 39.093438),-77.074623,39.093438,"39.093438,-77.074623"
2021-02-15,REPO,Final Notice,Toyt Financial       Towed By,02/17/0021,13214 Deer Highlands Way,Silver Spring,POINT (-77.030396 39.07367),-77.030396,39.07367,"39.07367,-77.030396"
2021-02-28,PKG,Henrys,Henrys,03/02/0021,18661 Sandpiper Ln,Gaithersburg,POINT (-77.189161 39.162062),-77.189161,39.162062,"39.162062,-77.189161"
2021-02-05,PR,Henrys,Henrys,05/23/0002,3230 Hewitt Ave,Silver Spring,POINT (-77.066202 39.079545),-77.066202,39.079545,"39.079545,-77.066202"
2021-03-02,72,Aau,Henrys,03/01/0021,828 Wayne Ave,Silver Spring,POINT (-77.023683 38.995829),-77.023683,38.995829,"38.995829,-77.023683"
2021-02-24,NOP,Henrys,Henrys,02/26/0021,10134 Little Pond Pl,Montgomery Village,POINT (-77.20855 39.166774),-77.20855,39.166774,"39.166774,-77.20855"
2021-02-16,PKG,Fire,Henrys     Fire Ln,02/18/0021,3536 Gentry Ridge Ct,Silver Spring,POINT (-76.939653 39.072248),-76.939653,39.072248,"39.072248,-76.939653"
2021-02-10,NOP,Authorized,Authorized,10/23/0002,14120 Weeping Willow Dr,Silver Spring,POINT (-77.06692 39.088854),-77.06692,39.088854,"39.088854,-77.06692"
2021-02-24,PKG,Authorized,Authorized,02/26/0021,14120 Weeping Willow Dr,Silver Spring,POINT (-77.06692 39.088854),-77.06692,39.088854,"39.088854,-77.06692"
2021-01-15,EXP,Drive,Drive,01/17/0021,8658 Piney Branch Rd,Silver Spring,POINT (-76.999533 38.998597),-76.999533,38.998597,"38.998597,-76.999533"
2021-02-14,REPO,Santander,Santander    Notic,02/16/0021,8847 Thomas Lea Ter,Montgomery Village,POINT (-77.181901 39.191003),-77.181901,39.191003,"39.191003,-77.181901"
